-- phpMyAdmin SQL Dump
-- version 5.1.0
-- https://www.phpmyadmin.net/
--
-- Host: 127.0.0.1
-- Generation Time: Sep 23, 2021 at 09:14 AM
-- Server version: 10.4.18-MariaDB
-- PHP Version: 8.0.5

SET SQL_MODE = "NO_AUTO_VALUE_ON_ZERO";
START TRANSACTION;
SET time_zone = "+00:00";


/*!40101 SET @OLD_CHARACTER_SET_CLIENT=@@CHARACTER_SET_CLIENT */;
/*!40101 SET @OLD_CHARACTER_SET_RESULTS=@@CHARACTER_SET_RESULTS */;
/*!40101 SET @OLD_COLLATION_CONNECTION=@@COLLATION_CONNECTION */;
/*!40101 SET NAMES utf8mb4 */;

--
-- Database: `puytutor_db`
--

-- --------------------------------------------------------

--
-- Stand-in structure for view `check_view`
-- (See below for the actual view)
--
CREATE TABLE `check_view` (
`check_id` int(4)
,`course_id` int(4)
,`cate_name` varchar(50)
,`subject_name` varchar(100)
,`class_name` varchar(30)
,`system_name` varchar(25)
,`cus_id` int(4)
,`cus_fullname` varchar(131)
,`cus_nname` varchar(50)
,`scheck_id` int(1)
,`scheck_name` varchar(15)
,`check_date` char(10)
);

-- --------------------------------------------------------

--
-- Stand-in structure for view `course_select`
-- (See below for the actual view)
--
CREATE TABLE `course_select` (
`course_id` int(4)
,`system_name` varchar(25)
,`cate_name` varchar(50)
,`subject_name` varchar(100)
,`class_name` varchar(30)
,`course_price` int(2)
,`course_bookprice` int(2)
,`course_total` int(2)
);

-- --------------------------------------------------------

--
-- Table structure for table `tbcategory`
--

CREATE TABLE `tbcategory` (
  `cate_id` int(1) NOT NULL,
  `cate_name` varchar(50) NOT NULL
) ENGINE=InnoDB DEFAULT CHARSET=utf8;

--
-- Dumping data for table `tbcategory`
--

INSERT INTO `tbcategory` (`cate_id`, `cate_name`) VALUES
(2, 'วิชาพื้นฐาน'),
(3, 'วิชาพิเศษ'),
(4, 'ติวสอบเข้า ม.1');

-- --------------------------------------------------------

--
-- Table structure for table `tbcheck`
--

CREATE TABLE `tbcheck` (
  `check_id` int(4) NOT NULL,
  `course_id` int(4) NOT NULL,
  `check_date` char(10) NOT NULL,
  `scheck_id` int(1) NOT NULL,
  `cus_id` int(4) NOT NULL
) ENGINE=InnoDB DEFAULT CHARSET=utf8;

--
-- Dumping data for table `tbcheck`
--

INSERT INTO `tbcheck` (`check_id`, `course_id`, `check_date`, `scheck_id`, `cus_id`) VALUES
(11, 103, '2021-05-19', 1, 2),
(12, 3, '2021-05-20', 3, 1),
(13, 103, '2021-05-20', 1, 2),
(17, 63, '2021-05-20', 1, 2),
(18, 63, '2021-05-19', 1, 1),
(19, 63, '2021-05-19', 1, 2),
(22, 63, '2021-05-22', 1, 1),
(23, 63, '2021-05-22', 2, 2),
(24, 3, '2021-06-03', 1, 1),
(25, 3, '2021-06-04', 1, 1),
(26, 103, '2021-06-04', 1, 1),
(27, 103, '2021-06-04', 1, 2),
(28, 103, '2021-06-04', 1, 9),
(29, 103, '2021-06-04', 1, 10);

-- --------------------------------------------------------

--
-- Table structure for table `tbclass`
--

CREATE TABLE `tbclass` (
  `class_id` int(1) NOT NULL,
  `class_name` varchar(30) NOT NULL
) ENGINE=InnoDB DEFAULT CHARSET=utf8;

--
-- Dumping data for table `tbclass`
--

INSERT INTO `tbclass` (`class_id`, `class_name`) VALUES
(1, 'อ.1'),
(2, 'ป.3'),
(3, 'ป.4'),
(4, 'ป.5'),
(5, 'ม.1'),
(6, 'ม.2'),
(7, 'ม.3'),
(10, 'ป.6'),
(11, 'กลุ่มที่ 1'),
(12, 'กลุ่มที่ 2'),
(13, 'อ.2'),
(14, 'อ.3'),
(15, 'ม.4'),
(16, 'ป.1'),
(17, 'ป.2'),
(18, 'กลุ่มที่ 1,กลุ่มที่ 2');

-- --------------------------------------------------------

--
-- Table structure for table `tbcourse`
--

CREATE TABLE `tbcourse` (
  `course_id` int(4) NOT NULL,
  `cate_id` int(1) NOT NULL,
  `subject_id` int(1) NOT NULL,
  `system_id` char(1) NOT NULL,
  `course_price` int(2) NOT NULL,
  `course_bookprice` int(2) NOT NULL DEFAULT 0,
  `course_total` int(2) NOT NULL,
  `class_id` int(1) NOT NULL
) ENGINE=InnoDB DEFAULT CHARSET=utf8;

--
-- Dumping data for table `tbcourse`
--

INSERT INTO `tbcourse` (`course_id`, `cate_id`, `subject_id`, `system_id`, `course_price`, `course_bookprice`, `course_total`, `class_id`) VALUES
(3, 2, 1, '2', 399, 100, 499, 3),
(4, 2, 1, '2', 399, 100, 499, 4),
(5, 2, 1, '2', 399, 100, 499, 10),
(6, 2, 2, '2', 399, 100, 499, 3),
(7, 2, 2, '2', 399, 100, 499, 4),
(8, 2, 2, '2', 399, 100, 499, 10),
(9, 2, 3, '2', 399, 100, 499, 3),
(10, 2, 3, '2', 399, 100, 499, 4),
(11, 2, 3, '2', 399, 100, 499, 10),
(12, 2, 4, '2', 399, 100, 499, 3),
(13, 2, 4, '2', 399, 100, 499, 4),
(14, 2, 4, '2', 399, 100, 499, 10),
(15, 2, 12, '2', 799, 400, 1199, 3),
(16, 2, 12, '2', 799, 400, 1199, 4),
(17, 2, 12, '2', 799, 400, 1199, 10),
(18, 2, 1, '2', 399, 100, 499, 16),
(19, 2, 2, '2', 399, 100, 499, 16),
(20, 2, 3, '2', 399, 100, 499, 16),
(21, 2, 4, '2', 399, 100, 499, 16),
(22, 2, 1, '2', 399, 100, 499, 17),
(23, 2, 2, '2', 399, 100, 499, 17),
(24, 2, 3, '2', 399, 100, 499, 17),
(25, 2, 4, '2', 399, 100, 499, 17),
(26, 2, 1, '2', 399, 100, 499, 2),
(27, 2, 2, '2', 399, 100, 499, 2),
(28, 2, 3, '2', 399, 100, 499, 2),
(29, 2, 4, '2', 399, 100, 499, 2),
(30, 2, 12, '2', 799, 400, 1199, 16),
(31, 2, 12, '2', 799, 400, 1199, 17),
(32, 2, 12, '2', 799, 400, 1199, 2),
(33, 2, 1, '1', 500, 100, 600, 16),
(34, 2, 2, '1', 500, 100, 600, 16),
(35, 2, 3, '1', 500, 100, 600, 16),
(36, 2, 4, '1', 500, 100, 600, 16),
(37, 2, 12, '1', 1000, 400, 1400, 16),
(38, 2, 1, '1', 500, 100, 600, 17),
(39, 2, 2, '1', 500, 100, 600, 17),
(40, 2, 3, '1', 500, 100, 600, 17),
(41, 2, 4, '1', 500, 100, 600, 17),
(42, 2, 1, '1', 500, 100, 600, 2),
(43, 2, 12, '1', 1000, 400, 1400, 17),
(44, 2, 2, '1', 500, 100, 600, 2),
(45, 2, 3, '1', 500, 100, 600, 2),
(46, 2, 4, '1', 500, 100, 600, 2),
(47, 2, 12, '1', 1000, 400, 1400, 2),
(48, 2, 1, '1', 500, 100, 600, 3),
(49, 2, 2, '1', 500, 100, 600, 3),
(50, 2, 3, '1', 500, 100, 600, 3),
(51, 2, 4, '1', 500, 100, 600, 3),
(52, 2, 12, '1', 1000, 400, 1400, 3),
(53, 2, 1, '1', 500, 100, 600, 4),
(54, 2, 2, '1', 500, 100, 600, 4),
(55, 2, 3, '1', 500, 100, 600, 4),
(56, 2, 4, '1', 500, 100, 600, 4),
(57, 2, 12, '1', 500, 100, 600, 4),
(58, 2, 1, '1', 500, 100, 600, 10),
(59, 2, 2, '1', 500, 100, 600, 10),
(60, 2, 3, '1', 500, 100, 600, 10),
(61, 2, 4, '1', 500, 100, 600, 10),
(62, 2, 12, '1', 1000, 400, 1400, 10),
(63, 3, 15, '1', 799, 900, 1699, 11),
(64, 3, 15, '1', 799, 900, 1699, 12),
(65, 3, 11, '1', 1500, 900, 2400, 18),
(66, 3, 16, '1', 6000, 0, 6000, 18),
(67, 3, 7, '1', 1000, 0, 1000, 11),
(68, 3, 5, '1', 1000, 0, 1000, 11),
(69, 3, 6, '1', 1000, 0, 1000, 11),
(70, 3, 9, '1', 500, 0, 500, 11),
(71, 3, 9, '2', 399, 0, 399, 11),
(72, 3, 10, '1', 500, 0, 500, 11),
(73, 3, 10, '2', 399, 0, 399, 11),
(74, 3, 8, '1', 500, 0, 500, 11),
(75, 2, 1, '1', 500, 100, 600, 5),
(76, 2, 2, '1', 500, 100, 600, 5),
(77, 2, 3, '1', 500, 100, 600, 5),
(78, 2, 4, '1', 500, 100, 600, 5),
(79, 2, 1, '2', 399, 100, 499, 5),
(80, 2, 2, '2', 399, 100, 499, 5),
(81, 2, 3, '2', 399, 100, 499, 5),
(82, 2, 4, '2', 399, 100, 499, 5),
(83, 2, 1, '1', 500, 100, 600, 6),
(84, 2, 2, '1', 500, 100, 600, 6),
(85, 2, 3, '1', 500, 100, 600, 6),
(87, 2, 4, '1', 500, 100, 600, 6),
(88, 2, 1, '2', 399, 100, 499, 6),
(89, 2, 2, '2', 399, 100, 499, 6),
(90, 2, 3, '2', 399, 100, 499, 6),
(91, 2, 4, '2', 399, 100, 499, 6),
(92, 2, 1, '1', 500, 100, 600, 7),
(93, 2, 2, '1', 500, 100, 600, 7),
(94, 2, 3, '1', 500, 100, 600, 7),
(95, 2, 4, '1', 500, 100, 600, 7),
(96, 2, 1, '2', 399, 100, 499, 7),
(97, 2, 2, '2', 399, 100, 499, 7),
(98, 2, 3, '2', 399, 100, 499, 7),
(99, 2, 4, '2', 399, 100, 499, 7),
(100, 4, 1, '1', 500, 100, 600, 11),
(101, 4, 2, '1', 500, 100, 600, 11),
(102, 4, 3, '1', 500, 100, 600, 11),
(103, 4, 4, '1', 500, 100, 600, 11),
(104, 4, 1, '2', 399, 100, 499, 11),
(105, 4, 2, '2', 399, 100, 499, 11),
(106, 4, 3, '2', 399, 100, 499, 11),
(107, 4, 4, '2', 399, 100, 499, 11);

-- --------------------------------------------------------

--
-- Stand-in structure for view `tbcourse_view`
-- (See below for the actual view)
--
CREATE TABLE `tbcourse_view` (
`course_id` int(4)
,`cate_name` varchar(50)
,`subject_name` varchar(100)
,`system_name` varchar(25)
,`class_name` varchar(30)
);

-- --------------------------------------------------------

--
-- Table structure for table `tbcustomer`
--

CREATE TABLE `tbcustomer` (
  `cus_id` int(4) NOT NULL,
  `prefix_id` int(4) DEFAULT NULL,
  `cus_fname` varchar(50) DEFAULT NULL,
  `cus_lname` varchar(50) DEFAULT NULL,
  `cus_nname` varchar(50) DEFAULT NULL,
  `cass_id` int(1) DEFAULT NULL,
  `school_id` int(2) DEFAULT NULL,
  `cus_tel` char(12) DEFAULT NULL
) ENGINE=InnoDB DEFAULT CHARSET=utf8;

--
-- Dumping data for table `tbcustomer`
--

INSERT INTO `tbcustomer` (`cus_id`, `prefix_id`, `cus_fname`, `cus_lname`, `cus_nname`, `cass_id`, `school_id`, `cus_tel`) VALUES
(1, 3, 'โชคชัย', 'แจ่มน้อย', 'อ๊อฟ', 7, 1, '0835323829'),
(2, 1, 'ธวัชชัย', 'แจ่มน้อย', 'อาร์ม', 10, 2, '0816985581'),
(9, 2, 'ณกัญญา', 'สืบสาย', 'ตังค์ตังค์', 1, 6, '083-698-2897'),
(10, 2, 'บุญญาพร', 'บุญจางวาง', 'ใบบุญ', 1, 2, '084-196-4465'),
(11, 1, 'ชณธร', 'แก้วแดง', 'โชกุน', 1, 8, '086-292-5430'),
(12, 2, 'ฃอัซซูน่า', 'เกตุขาว', 'อัซซูน่า', 1, 9, '087-287-9057'),
(13, 1, 'กัญช์ณภัทร์', 'รัตนะ', 'ภูกัญ', 1, 10, '094-545-0960'),
(14, 1, 'กนกพล', 'เจริญเกตุ', 'เนส', 1, 11, '082-369-5616'),
(16, 2, 'ญาดา', 'มาลารัตน์', 'กานต์', 1, 12, '082-416-4315'),
(17, 2, 'ปริญาพร', 'เกื้อมา', 'สายไหม', 1, 13, '085-079-2984'),
(18, 2, 'ณัฐิดา', 'จันทร์บุรี', 'ฟ้าใส', 1, 14, '099-006-7721'),
(19, 2, 'ชยาพร', 'เกตุแก้ว', 'แก้มบุ๋ม', 13, 15, '098-075-4891'),
(20, 1, 'ณัชนน', 'สุขกระจ่าง', 'เฟิร์ส', 13, 16, '081-542-9363'),
(21, 2, 'ปริชศรา', 'จันทร์ฉาย', 'เปียโน', 13, 17, '098-016-0579'),
(22, 1, 'ธิติพัธท์', '', 'กอล์ฟ', 13, 17, '087-014-4798'),
(23, 1, 'ปรเมศวร์', 'แก้วเนียม', 'คอปเตอร์', 13, 18, '087-287-0408'),
(24, 2, 'ธัญพร', 'รองนวล', 'น้ำหอม', 13, 16, '089-094-6568'),
(25, 1, 'ชวัลวิทย์', 'เจะจาโรจน์', 'เอฟคอร์น', 13, 2, '093-578-3574'),
(26, 2, 'กัลป์ลภัส', 'สุวรรณสถิต', 'กันตา', 13, 16, '082-264-2435'),
(27, 2, 'สโรชา', 'อนันต์', 'ใบบัว', 13, 16, '084-631-5798'),
(28, 1, 'บวรทัต', 'กรุงมณี', 'นะโ', 13, 19, '080-239-2914'),
(29, 2, 'อังควิภา', 'คงขาว', 'ปลื้ม', 13, 16, '086-959-3710'),
(30, 2, 'วรินรำไพ', 'แก้วไฟ', 'เต้ย', 13, 2, '086-958-9488'),
(31, 2, 'พธิรา', 'สุวรรณมณี', 'น้ำขิง', 13, 17, '065-098-7469'),
(32, 1, 'กฤตภาส', 'หลงสวัสดิ์', 'อิคคิว', 13, 20, '092-471-4698'),
(34, 1, 'กิตตภูมิ', 'จันทร์บุรี', 'ภูมิ', 13, 59, '099-0067721'),
(35, 2, 'ปวริศา', 'เพชรรัตน์', 'กรีน', 13, 17, '084-995-4037'),
(36, 1, 'พงพิสุทธิ์', 'ศรีไทย', 'บีเฟิร์ส', 14, 22, '098-955-2663'),
(37, 2, 'สถรภา', 'สังข์เกลี้ยง', 'น้ำค้าง', 14, 2, '062-171-5169'),
(38, 2, 'บัวณิชา', 'โฉมทอง', 'ใบบัว', 14, 23, '093-757-7997'),
(39, 2, 'กัลน์ณภัทร', 'โชติกิจติวาทย์', 'โซรีน', 14, 19, '096-720-9891'),
(40, 1, 'ปุริมปรัชญ์', 'อ่อนเจริญ', 'ชีต้าห์', 14, 16, '084-999-0955'),
(42, 2, 'ครองขวัญ', 'หนูเนียม', 'น้ำขิง', 14, 17, '089-974-1420'),
(43, 2, 'กุลธีรา', 'วรรณโร', 'กระติ๊บ', 14, 2, '099-309-6818'),
(44, 1, 'วุฒิกานต์', 'วงศ์สุริยะ', 'ยูฟ่า', 14, 25, '090-719-9328'),
(45, 2, 'พิชญวดี', 'ขาวอินทร์', 'โบตั๋น', 14, 26, '095-046-4180'),
(47, 2, 'พิชชาภา', 'ยิ้มเนียม', 'ขวัญข้าว', 14, 25, '088-661-9422'),
(48, 2, 'ปภาดา', 'ทันประจำสินธุ์', 'อันอัน', 14, 2, '086-550-9101'),
(49, 2, 'ปารวัตร', 'คงรอด', 'บอร์น', 14, 4, '064-080-5944'),
(50, 2, 'ณิชากร', 'วงศ์แหลมสิงห์', 'มากิ', 14, 16, '063-780-7343'),
(51, 2, 'ณิชากร', 'เนียเนียว', 'ฟ้าใส', 14, 22, '083-926-6399'),
(52, 1, 'ศิวัช', 'บัวทอง', 'เสือ', 14, 16, '099-145-2564'),
(53, 2, 'ปสุตา', 'สุรักษา', 'เหนือ', 14, 2, '093-516-6390'),
(54, 1, 'ณฐพงศ์', 'สีทอง', 'ไพร์ม', 14, 19, '098-665-4287'),
(55, 1, 'ประเสิร์ฐ', 'คงสมบัติ', 'โดนัท', 14, 2, '093-6016015'),
(56, 2, 'พราวพรรณดา', 'สุพรรณี', 'ณดา', 14, 23, '094-784-0220'),
(57, 2, 'กุลณดา', 'อัทธนมุณี', 'ปูนหอม', 14, 2, '094-318-3355'),
(58, 1, 'กันตินันท์', 'พายุหกันตพงศ์', 'มาวิน', 14, 17, '081-599-6549'),
(59, 2, 'ปวีย์ธิดา', 'ศรีโดน', 'จันจ๋า', 14, 26, '091-048-7937'),
(60, 1, 'ชัยคม', 'เวสโกสิทธิ์', 'ไตเติ้ล', 14, 28, '064-073-1144'),
(61, 2, 'กัญญพัชร', 'เจริญกุล', 'จัสมิน', 14, 17, '064-035-1777'),
(62, 2, 'สาธิตา', 'เหรียญทอง', 'อุ้มบุญ', 14, 23, '090-680-2851'),
(63, 1, 'ณัฐพล', 'อินทชาติ', 'ปลื้ม', 14, 25, '063-067-3574'),
(64, 2, 'อังสณา', 'แสนแก้ว', 'เมย์', 14, 4, '086-267-7307'),
(65, 1, 'จิรภัทร', 'ช่วยหนูจันทร์', 'พอร์ช', 14, 6, '081-678-6018'),
(66, 1, 'กฤษณพล', 'จัตวา', 'ไพวีท', 16, 16, '088-788-5293'),
(67, 2, 'เอมิกา', 'หวังนุรักษ์', 'ชาฟีน่า', 16, 29, '091-034-6092'),
(68, 2, 'กัญญาพัชร', 'มิตทะจันทร์', 'น้ำขิง', 16, 16, '099-974-7971'),
(69, 2, 'ณัฐชยา', 'สาลีกำเนิด', 'โฟกัส', 16, 30, '062-052-7194'),
(70, 1, 'กฤติเดช', 'อินเรน', 'ขุน', 16, 31, '086-342-5842'),
(71, 1, 'ณัฎฐชัย', 'เศรษฐพิศาล', 'ณัฎฐ์', 16, 6, '080-711-9736'),
(72, 1, 'ธนวัต', 'ศิริวัง', 'เฟม', 16, 19, '061-187-6905'),
(73, 1, 'กฤติน', 'มากละเอียด', 'อธิ', 16, 8, '087-594-9158'),
(75, 1, 'ธณะวัตร์', 'โชติโส', 'ตินณ์', 16, 2, '063-092-2010'),
(76, 1, 'ศุภกร', 'วงศ์สุริยะ', 'เกล้า', 16, 19, '087-390-2174'),
(77, 2, 'ไอรดา', 'นราพันธรักษ์', 'อาดีลา', 16, 33, '095-440-7040'),
(78, 2, 'เพ็ญพิชชา', 'สิทธิสุวรรณ', 'ใบข้าว', 16, 34, '082-661-9422'),
(79, 1, 'กรวิชญ์', 'สุขแดง', 'แจ็คกี้', 16, 2, '099-404-8302'),
(80, 1, 'เธียรวิชญ์', 'กุลประสิทธิ์', 'กุรซือ', 16, 16, '084-064-0715'),
(84, 1, 'ธนวินท์', 'เพชรรัตน์', 'ธาม', 16, 25, '084-995-4037'),
(86, 1, 'ไชยเชษฐ์', 'คันธมาลย์', 'เอิร์ท', 16, 35, '080-292-2860'),
(87, 2, 'วิมลรัตน์', 'โชติชูช่วง', 'แพร', 16, 25, '062-669-2658'),
(88, 2, 'นิลดา', 'จันทร์ลาภ', 'น้ำหอม', 16, 19, '095-018-0973'),
(89, 2, 'ปาริฉัตร', 'ฤทธิเดช', 'เนย', 16, 36, '080-662-7578'),
(90, 1, 'กฤษณกรรณ', 'วงศ์สุริยะ', 'ชารน', 16, 25, '090-719-9328'),
(91, 1, 'ปพนธีร์', 'สู่สม', 'ณัฐ', 16, 19, '085-595-9370'),
(92, 1, 'ธรสร', 'ยวงใย', 'กองทัพ', 16, 36, '084-396-6676'),
(93, 2, 'ณัฐวดี', 'กันทะวงศ์', 'น้ำใส', 16, 37, '098-079-4529'),
(94, 2, 'อรปรียา', 'บุศรักษื', 'แก้มบุ๋ม', 16, 25, '080-396-1154'),
(95, 2, 'เสาวลักษณ์', 'จงคดี', 'แอมแปร์', 16, 16, '081-738-2907'),
(96, 2, 'ปภาวี', 'พังประไพ', 'ปาหนัน', 16, 23, '083-632-2213'),
(97, 1, 'พุฒิพงศ์', 'กาลวงศ์', 'บัส', 16, 25, '095-417-1864'),
(98, 1, 'เนติธรณ์', 'ไชยสาลี', 'เหนือเมฆ', 16, 25, '061-194-8872'),
(99, 2, 'เขมจิรา', 'ศรีช่วย', 'ปันปปัน', 16, 16, '095-083-5747'),
(100, 1, 'กันตภณ', 'ศักดิ์สวัสดิ์', 'ต้น', 16, 17, '091-048-7362'),
(101, 2, 'ธัญชนก', 'นิมานนท์', 'เอิร์น', 16, 12, '083-659-2076'),
(102, 2, 'ณพิชา', 'เกาเพ็ง', 'ริบบิ้น', 16, 17, '080-364-8789'),
(104, 2, 'วรลักษ์', 'รักศิลป์', 'ลูกอม', 16, 25, '083-192-6133'),
(105, 2, 'กรรณภา', 'สาสยละเอียด', 'กัสมา', 16, 29, '098-045-2898'),
(106, 2, 'พิชามญช์', 'ชุมแก้ว', 'อิงดาว', 16, 17, '084-068-6379'),
(107, 2, 'วรัญณัฏฐ์', 'จุลนวล', 'เส้นหมี่', 16, 16, '086-698-9089'),
(108, 1, 'สุรชัย', 'รักษาวงศื', 'บอม', 16, 36, '098-068-9505'),
(109, 2, 'ราตี', 'จิตคำ', 'ข้าวฟ่าง', 16, 2, '061-220-1969'),
(110, 1, 'กฤตภัค', 'จิตตรีพล', 'อินเตอร์', 16, 17, '093-790-7733'),
(112, 1, 'นนทกร', 'กลับรอด', 'ซีซี', 16, 37, '094-875-8680'),
(113, 2, 'เบญญาภา', 'พฤกษพงศ์', 'เอ๊ย', 16, 16, '085-897-6907'),
(114, 2, 'ชัญญานุช', 'ธนาวุฒิ', 'เวก้า', 16, 23, '088-770-5590'),
(115, 1, 'วีรภาพ', 'เพชรบุญวรรโณ', 'แบงค์', 16, 39, '061-8830522'),
(116, 2, 'นวรัตน์', 'เจ๊ะจาโรจน์', 'เอแคร์', 16, 19, '093-578-3574'),
(117, 2, 'อัสลียา', 'ยียมเจริญ', 'ลียา', 16, 25, '062-698-8810'),
(118, 1, 'เจษฎากร', 'บัวทอง', 'บัดรุน', 16, 23, '092-283-4275'),
(119, 2, 'ปัณณภัค', 'สุขกระจ่าง', 'กิ่ง', 16, 16, '081-307-5879'),
(123, 1, 'สิทธิกร', 'นุนชูคันธ์', 'กร', 17, 12, '091-0046-645'),
(124, 1, 'ศิริชัย', 'อนุบุตร', 'พีเฮ้ม', 17, 40, '089-466-3287'),
(125, 2, 'ขวัญฤดี', 'อิมพวัน', 'ฟ้าใส', 17, 43, '082-428-8972'),
(126, 2, 'วันวิสา', 'ชัยวรรณ', 'กานต์', 17, 25, '088-784-6465'),
(127, 1, 'ศราวิณ', 'น้ำแก้ว', 'จีโน่', 17, 16, '082-823-1967'),
(128, 1, 'สิรวิชญ์', 'พรหมยาน', 'การ์ฟิลด์', 17, 25, '085-061-5929'),
(129, 2, 'ธนิสร', 'ศรีวิโรจน์', 'น้ำมนต์', 17, 25, '082-734-0817'),
(130, 1, 'กฤตเดช', 'สิวรัตน์', 'เจเจ', 17, 16, '061-239-9764'),
(131, 2, 'ศุภัสรา', 'แก้วอัมพร', 'แอ้นท์', 17, 25, '062-359-8698'),
(132, 1, 'ณวิบูล', 'ศรีสุวรรณวิเชียร', 'กับตัน', 17, 25, '083-537-9953'),
(133, 1, 'ธนากร', 'ละอองพันธ์', 'บริโอ', 17, 2, '083-572-5148'),
(134, 1, 'วงศกร', 'โชติกิจภิวาทย์', 'โรม', 17, 19, '096-720-9891'),
(135, 1, 'จิรเมธ', 'สมมาตร', 'มังกร', 17, 37, '081-766-1102'),
(136, 2, 'สุพิชชา', 'รัตนบุรานันท์', 'พิชชา', 17, 25, '098-013-1579'),
(137, 1, 'วชิรวิทย์', 'รงหนู', 'ออโต้', 17, 25, '091-463-1960'),
(138, 2, 'นิรดา', 'อินจันทร์', 'นิด้า', 17, 25, '090-074-5295'),
(139, 2, 'วณิชชา', 'อินเรน', 'ไบร์ท', 17, 25, ''),
(140, 1, 'หัสดิน', 'หนูเยิ้ม', 'บู', 17, 36, '061-234-8503'),
(141, 1, 'ภัทรดนัย', 'มุคุระ', 'เฟาซี', 17, 12, '093-592-3971'),
(142, 1, 'ทิชากร', 'สำลีกำเนิด', 'ไตรตัน', 17, 30, '062-052-7194'),
(143, 1, 'ธีร์ธวัช', 'รอดขวัญ', 'ธีร์', 17, 25, '061-256-1038'),
(144, 1, 'เกียยรติศักดิ์', 'เครือมณี', 'โชกุน', 17, 42, '084-963-4091'),
(145, 1, 'อิฟฟาน', 'หวันเจ๊ะ', 'อิฟ', 17, 9, '086-963-6490'),
(146, 1, 'อภิสร', 'หาญมนตรี', 'แน่วแน่', 17, 43, '083-659-2076'),
(147, 1, 'วชิรวิทย์', 'ฟรีดาพาก', 'เต้เต้', 17, 44, '083-195-4761'),
(149, 2, 'จิณัฐตา', 'สังขบุญญาวุส', 'สตาร์', 17, 45, '087-473-9278'),
(150, 2, 'สุจิรา', 'ห้วยธีเสว', 'ไอซื', 17, 43, '099-317-2062'),
(151, 1, 'ปัญจพล', 'สุวลักษณ์', 'ภูผา', 17, 46, '065-830-7358'),
(152, 2, 'สุวภัทร', 'เสน่หาภูริศ', 'แป้ง', 17, 23, '062-952-3544'),
(153, 2, 'นิรดา', 'อินจันทร์', 'นิด้า', 17, 25, '090-074-5255'),
(154, 2, 'ญาณิศา', 'คล้ายหนู', 'ข้าวหอม', 17, 47, '093-320-4136'),
(155, 1, 'ธีระพัฒน์', 'พุฒคง', 'นิว', 17, 48, '064-398-8328'),
(157, 1, 'ธนดล', 'รักวิจิตร', 'โบนัส', 17, 17, '087-836-5829'),
(158, 1, 'ธนภัทร', 'เพชรสงคราม', 'ณภัทร', 17, 25, '085-758-6485'),
(159, 1, 'ชลภัทร', 'ชนะกิจ', 'น้ำมนต์', 17, 43, '096-451-3530'),
(160, 1, 'สิรวิชย์', 'บำราญ', 'นนท์', 17, 25, '062-207-1192'),
(161, 2, 'ปวริศา', 'ทองอนันต์', 'ลัยลา', 17, 12, '080-915-6842'),
(162, 1, 'กสิดิษฐ์', 'ถาวโรทิพย์', 'นะโม', 17, 25, '083-195-4761'),
(163, 2, 'อภิชญา', 'ทองแดง', 'ใบเตย', 17, 25, '086-271-3290'),
(164, 2, 'จุฬาลักษณ์', 'ผดุงทอง', 'ปีใหม่', 17, 12, '098-074-5154'),
(165, 2, 'พรชนก', 'ทองอินทร์', 'จ๊ะจ๋า', 17, 25, '090-213-4381'),
(166, 1, 'ปกรณ์', 'เอียดมั่ง', 'บูรณื', 17, 25, '087-796-2803'),
(167, 2, 'วันวิสา', 'นวลทอง', 'ฟ้าใส', 17, 17, ''),
(168, 1, 'ภีมพล', 'ศรีกระจ่าง', 'โฟกัส', 17, 12, '087-291-0898'),
(169, 1, 'ฤชวี', 'รัตนกาญจน์', 'กองปราบ', 17, 16, '085-892-9621'),
(171, 1, 'ปวริศ', 'อ่อนแก้ว', 'ป๊อป', 17, 12, '084-193-6646'),
(172, 1, 'ปกรณื', 'เอียดมั่ง', 'บูรณื', 17, 25, '087-796-2803'),
(173, 1, 'อนาวิลย์', 'ขวัญทอง', 'ฮาฟิส', 2, 17, '097-345-5298'),
(174, 2, 'ธมลวรรณ', 'อินพรม', 'รวงข้าว', 2, 2, '094-826-5647'),
(175, 1, 'ดั่งภูผา', 'นาเอี่ยม', 'ฮั่มวี่', 2, 2, '090-201-1814'),
(176, 1, 'กิตตินันท์', 'แก้วทอง', 'ตัวโน้ต', 2, 16, '064-147-1303'),
(177, 1, 'ธรีภัทร', 'ศรีสุวรรณ', 'คุณ', 2, 23, '081-609-1498'),
(178, 1, 'ธราเทพ', 'อรุณวงศ์', 'ก้อนเมฆ', 2, 49, '061-873-8894'),
(179, 2, 'พรไพลิน', 'ไวยิ่งยุทธ์', 'เม็ดพริก', 2, 43, ''),
(180, 1, 'ชยากร', 'ดิษสระ', 'นาย', 2, 16, '081-898-4161'),
(181, 2, 'กันติมา', 'วงศ์สุริยะ', 'กิลย์', 2, 43, '087-390-2974'),
(182, 1, 'ภันเต', 'รัตนโสภา', 'ภันเต', 2, 25, '089-466-3465'),
(183, 2, 'วริศรา', 'รอบกระโทก', 'แนนนี่', 2, 17, '083-593-0471'),
(184, 1, 'ธนกร', 'เจริญดี', 'กร', 2, 25, '082-414-4614'),
(185, 2, 'ชนกนันท์', 'เกื้อสุข', 'แก้ม', 2, 16, '087-014-4798'),
(186, 2, 'ชญานิศ', 'ชูหมุน', 'แอร์ต้า', 2, 16, '082-820-8761'),
(187, 2, 'พิชญ์ศุภาต์', 'ชุมแก้ว', 'อิงฟ้า', 2, 17, '084-068-6379'),
(188, 1, 'ณัชภาค', 'สำเภาทอง', 'อชิ', 2, 43, '086-319-9264'),
(189, 2, 'ณิชนันท์', 'เพชรสงคราม', 'นิด้า', 2, 25, '085-587-6485'),
(190, 2, 'พิชมญช์', 'อิสโร', 'วันใหม่', 2, 25, '081-698-1231'),
(191, 1, 'กานดิส', 'มณีโชติ', 'สตางค์', 2, 25, '082-346-7861'),
(192, 1, 'อัศม์เดช', 'ตั้งเหมรัชต์', 'สิงโต', 2, 25, '061-714-9661'),
(193, 1, 'พัณกานต์', 'สุพรรณื', 'ณดล', 2, 23, '094-784-0220'),
(194, 1, 'รัชตะ', 'ชื่นศรีวิโรจน์', 'โฟกัส', 2, 25, '061-234-8503'),
(195, 1, 'เตชิน', 'กชกรจารุพงศ์', 'โซคิวท์', 2, 16, '084-999-4334'),
(196, 2, 'รณวรรณ', 'มิตรสุวรรณ', 'แซน', 2, 50, '098-028-2884'),
(197, 1, 'พศวัต', 'แย้มพราย', 'มังกร', 2, 12, '080-398-1227'),
(200, 2, 'วรรณกานต?', 'เรืองหนู', 'เมษา', 2, 2, '062-015-7041'),
(202, 1, 'อรรถพล', 'คงเกื้อ', 'เชฟ', 3, 51, '080-703-5493'),
(203, 1, 'อนันดา', 'ลายทิพย์', 'ดรีม', 3, 52, '080-703-5493'),
(204, 1, 'สมิท', 'แก้วทอง', 'เนสเล่ท์', 3, 16, '094-149-3393'),
(205, 1, 'ศุภกร', 'ทองสุวรรณ', 'ท็อปเท็น', 3, 23, '081-540-5955'),
(206, 1, 'ธนวินท์', 'สุขกระจ่าง', 'ต้น', 3, 23, '081-542-9363'),
(207, 2, 'ศดานันท์', 'บุญสุขทอง', 'อุ่นใจ', 3, 2, '083-474-6479'),
(208, 1, 'พงพัศ', 'สุวลักษณ์', 'เพชร', 3, 46, '065-830-7358'),
(209, 1, 'ธีรภัทร', 'ศรีสุวรรณ', 'คุณ', 3, 23, '081-609-1498'),
(210, 2, 'วีรณัฐา', 'วุ่นดี', 'น้ำตาล', 3, 2, '082-396-5955'),
(211, 1, 'ธนทัต', 'อินเรน', 'มอส', 3, 25, '061-234-8503'),
(212, 2, 'ธนาวดี', 'อดนทัย', 'เชียร์', 3, 53, '087-476-7761'),
(213, 2, 'ปั้นพลอย', 'ทองประหงั่น', 'พลอย', 3, 54, '081-466-1052'),
(215, 1, 'สหกรณื', 'ประสิทธิพรหม', 'กร', 3, 55, '081-159-8041'),
(216, 2, 'กันต์กมล', 'เพชรสุวรรณ', 'แฟ้ม', 3, 56, '061-915-7738'),
(217, 1, 'กรมัษฐ์', 'ขุนลัค', 'ปลื้ม', 3, 17, '091-979-5569'),
(218, 2, 'รัตนธร', 'เพชรสุริยา', 'แปม', 3, 16, '087-392-4105'),
(219, 1, 'นวศิลป์', 'ไพโรจน์', 'พู่กัน', 3, 16, '091-849-0231'),
(220, 2, 'นวินดา', 'มุณี', 'น้ำผึ้ง', 3, 2, '089-488-0432'),
(221, 2, 'ไปรยา', 'กาลสงค์', 'มิว', 3, 25, '081-609-9412'),
(222, 2, 'บุณฑริกา', 'เกื้อมา', 'ไข่มุก', 3, 25, '085-079-2984'),
(223, 2, 'กุลญาณิช', 'อิสระ', 'ไออุ่น', 3, 57, '089-771-3539'),
(224, 2, 'เพทาย', 'ขาวเรือง', 'พาย', 3, 26, '094-252-2370'),
(225, 1, 'ธนินทร์', 'ธงดาชัย', 'ข้าวปั้น', 3, 12, '065-068-7488'),
(226, 2, 'พิชญาพัณ', 'แสงทอง', 'พีช', 3, 57, '089-655-1901'),
(227, 2, 'ฐิตาพร', 'ภัยรตน์', 'ฟ้าใส', 4, 2, '093-692-0639'),
(228, 2, 'ยมลพร', 'นวลศรี', 'ซิงซิง', 4, 25, '089-466-2889'),
(229, 2, 'นันชพร', 'ถีราวุฒ', 'แบม', 4, 37, '062-848-5156'),
(230, 1, 'โอบนิธิ', 'คิดงาม', 'อาร์ม', 4, 2, '091-068-3203'),
(231, 2, 'ลัษมนณ', 'กาญจนเพ็ญ', 'นุ๊ก', 4, 37, '086-965-4716'),
(232, 2, 'ศิวนันท์', 'รักศิลป์', 'ขวัญข้าว', 4, 25, '086-963-9660'),
(233, 2, 'ชัชลัมย?', 'วิเศษสินธุ์', 'ตะวัน', 4, 17, '0863-695-073'),
(234, 1, 'อดิเทพ', 'อินทร์ศวร', 'บุ๊ค', 4, 45, '086-550-9101'),
(235, 1, 'ณัชพล', 'รักวิจิตร', 'โดนัท', 4, 17, '087-836-8529'),
(236, 1, 'จีรพัฒน์', 'วิริยสุขไมตรี', 'ตะวัน', 4, 12, '080-640-2760'),
(237, 1, 'ธัชธรรม', 'รัตนโสภา', 'นะโม', 4, 25, '089-466-3465'),
(238, 1, 'คณาวัฒน์', 'มิตรสุวรรณ', 'ซี', 4, 50, '098-028-2884'),
(239, 1, 'ติณณ์', 'สำเภา', 'โอชิ', 4, 23, '089-737-5542'),
(240, 2, 'เพ็ชพิชชา', 'ธนาวุฒิ', 'เอดา', 4, 23, '062-472-3167'),
(241, 2, 'ภวันธิดา', 'พรอินทร์', 'โบนัส', 4, 26, '095-046-4180'),
(243, 2, 'จิรกานต์', 'หริรักษ์', 'มิ้ว', 4, 25, '084-186-0709'),
(244, 2, 'พิรพิลักษณ์', 'อ่อนจ้วย', 'เกรซ', 4, 26, '080-396-8321'),
(245, 2, 'พิชญากร', 'ผดุงอรรถ', 'ชมพู่', 4, 25, '097-345-6893'),
(246, 1, 'พงศ์พิพัฒน์', 'ภิรมณ์', 'บาส', 10, 16, '099-293-9090'),
(247, 1, 'กิตตพศ', 'วุ่นดี', 'กีต้าร์', 10, 2, '087-396-5955'),
(248, 1, 'ณฐพงศ์', 'คงกล้า', 'ซิม', 10, 43, '080-957-7269'),
(249, 1, 'ปิยวัฒน์', 'อ่อนแก้ว', 'ไปร์ท', 10, 12, '094-193-6646'),
(250, 2, 'ปัณณมน', 'เพ็ชรรัตน์', 'เบลล์', 10, 12, '089-733-2028'),
(251, 2, 'ชญานิน', 'เหลาะดหม', 'มินตา', 10, 23, '084-253-1990'),
(252, 1, 'ถิรวัฒน์', 'อัมพา', 'เลม่อน', 10, 60, '082-734-8479'),
(253, 2, 'ภัทรวดี', 'ศรีชาติ', 'เกล้า', 10, 16, '065-535-0878'),
(254, 1, 'พสธร', 'รักทิพย์', 'โปร', 10, 12, '097-346-9229'),
(255, 1, 'นนชภัทร', 'นวลทอง', 'ไอน้ำ', 10, 17, '098-516-5153'),
(256, 1, 'อินทัช', 'แก้วแจ่มแจ้ง', 'อินทัช', 10, 16, '063-853-9456'),
(257, 2, 'ศิรภัสสร', 'เพชรสุริยา', 'ปุ๋ย', 10, 16, '087-392-4105'),
(258, 2, 'ชญญา', 'ระสิทธิพรหม', 'โอปอ', 10, 61, '081-959-8091'),
(259, 2, 'น้ำประธาน', 'กาลวงศ์', 'น้ำตาล', 10, 23, '086-288-0619'),
(260, 2, 'ณภานัน', 'ไชยสาลี', 'ปลายฟ้า', 10, 23, '061-194-8872'),
(261, 2, 'เกวลิน', 'อ่อนแก้ว', 'เนส', 10, 2, '064-678-0269'),
(263, 2, 'มลิวัลย์', 'โชติโส', 'การ์ตูน', 10, 8, '063-092-2010'),
(264, 2, 'ปภาวรินทร์', 'ชุมภูราช', 'ปอย', 10, 61, '087-296-9882'),
(265, 1, 'ธนกฤต', 'จุเนียว', 'บีม', 10, 16, '082-416-8325'),
(266, 1, 'นนธภัทร', 'นวลทอง', 'ไอน้ำ', 10, 17, '098-916-5153'),
(267, 2, 'ปุณยศา', 'สุเมธาโสธนา', 'บีเฟิร์ส', 10, 23, '085-898-1359'),
(268, 1, 'ธนาวัช', 'หนูพ่วง', 'กัส', 10, 16, '095-438-9319'),
(269, 2, 'ปิยวรรณ', 'นวลล่อง', 'ปอย', 10, 8, '081-7194093'),
(271, 1, 'ทชากร', 'ยอดมณี', 'นิว', 10, 16, '081-543-5737'),
(272, 1, 'ปัญญวิต', 'หาญนรงค์', 'นิว', 10, 12, '089-737-1506'),
(273, 2, 'ชนาภา', 'ทองรักษ์', 'นาเดียร์', 10, 63, '082-823-7643'),
(274, 1, 'ธนกฤต', 'คนเที่ยง', 'ฟลุ๊ค', 10, 57, '082-435-8905'),
(275, 1, 'ชลมารถ', 'ชลายนนาวิน', 'มาร์ตค', 10, 64, '062-232-6675'),
(276, 2, 'อัญ', 'ชัยญโชค', 'อัญ', 5, 65, '085-672-5007'),
(277, 2, 'กิตติมา', 'บุญช่วย', 'อุ้ม', 5, 66, '082-439-2377'),
(278, 1, 'วัฒนา', 'จันทรลักขณา', 'วิน', 5, 2, '093-776-5847'),
(279, 2, 'พนัชกร', 'นวลศรี', 'ตอง', 5, 2, '093-694-6079'),
(280, 1, 'ปิยวัช', 'ไหมคง', 'ติณห์', 5, 17, '093-618-1518'),
(281, 2, 'ปทิตา', 'มุสิกะไชย', 'ฟีม', 5, 23, '086-749-3182'),
(282, 2, 'มธุวิน', 'บุญรัตน์', 'แก้ม', 5, 4, '084-405-1087'),
(283, 2, 'ฐิตืกา', 'ไชยชาญยุทธิ์', 'เฟิร์น', 5, 67, '062-723-9333'),
(284, 1, 'ปุญญพัฒน์', 'เพ็ชรพันธ์', 'ต้นกล้า', 5, 68, '086-6075899'),
(285, 1, 'พิเชฐ', 'เส้งเลี่ยม', 'ลันตา', 5, 1, '093-686-0961'),
(286, 1, 'มรรษกร', 'ถนอนเล็ก', 'เทล', 5, 1, '089-976-1872'),
(287, 1, 'วรชน', 'หยูคงแก้ว', 'บอส', 5, 1, '084-068-4305'),
(288, 2, 'ปุณยนุช', 'ตกวุ่น', 'แพรวา', 5, 23, '097-165-2854'),
(289, 1, 'วีรพงศ์', 'สมศรี', 'อ้น', 5, 70, '082-867-6115'),
(290, 2, 'รัฐยา', 'ต้นหยงทอง', 'กล้วย', 5, 1, '091-847-5076'),
(291, 1, 'วีรภาพ', 'สายหลำ', 'ชามิล', 5, 68, '086-747-3609'),
(292, 2, 'มธุริน', 'บุญรัตน์', 'แก้ม', 5, 2, '084-405-1087'),
(293, 2, 'อัญชิษฐา', 'ขำวิลัย', 'ใบเฟิร์น', 5, 57, '081-897-2415'),
(294, 2, 'รมิดา', 'กาญจนเพ็ญ', 'ใบบัว', 5, 23, '086-598-3792'),
(295, 1, 'ภานุกร', 'กาญจนสมบัติ', 'พีพี', 5, 67, '089-463-9416'),
(296, 2, 'สมิตานัน', 'เอียดหนู', 'มะปราง', 5, 1, '089-653-5408'),
(297, 1, 'ภูรินทร์', 'ทองรอด', 'ภู', 5, 25, '091-462-0818'),
(298, 1, 'คณิศร', 'ศรีประเสริฐ', 'กัปตัน', 5, 57, '089-608-4592'),
(299, 1, 'เกียรติศักดิ์', 'ยอดเพชร', 'หมู', 6, 66, '081-767-4968'),
(300, 2, 'พิมพ์ลภัส', 'พัทธณียะ', 'มายด์', 6, 57, '088-788-6024'),
(301, 2, 'นภิสา', 'พรหมอินทร์', 'เจน', 6, 25, '081-540-1097'),
(302, 1, 'โชติพงศ์', 'อ่อนแก้ว', 'เฟรม', 6, 1, '099-399-0562'),
(303, 1, 'ดำรัส', 'ถีราวุฒิ', 'โดนัท', 7, 1, '091-463-2750'),
(304, 2, 'ปานขวัญ', 'ยอดเพชร', 'โอปอ', 7, 66, '081-767-4968'),
(305, 1, 'ญาณชนินท์', 'ล่องเซ่ง', 'มิกเซอร์', 7, 1, '087-392-1833'),
(306, 2, 'ณิชาภัทร', 'ไพบูลย์สมบัติ', 'การ์ตูน', 7, 1, '087-391-4151'),
(307, 2, 'วรรณิดา', 'ณะแก้ว', 'ต้นอ้อ', 7, 1, '087-470-2726'),
(308, 2, 'ณฐมน', 'ขำวิัย', 'ฟ้าใส', 7, 57, '081-897-2415'),
(309, 2, 'สมิตานัน', 'เอียดหนู', 'มะปราง', 7, 1, '080-541-6970'),
(310, 2, 'วิชุดา', 'สมศรี', 'ดรีม', 7, 66, '062-410-6585'),
(311, 2, 'ฐิตชิญา', 'พรหมยาน', 'นิวเยียร์', 7, 66, '082-828-6066'),
(312, 2, 'ธัญญลักษณ์', 'จันทร์ช่วย', 'หยก', 7, 65, '084-231-8732'),
(313, 2, 'ติณณา', 'สกูลขารัง', 'ติณห์', 15, 66, '081-766-8918'),
(314, 2, 'วิศิษย์ศักดิ์', 'อ่อนแก้ว', 'ปอนด์', 15, 1, '065-815-1285'),
(319, 1, 'ทดสอบ', 'ทดสอบ', 'ทดสอบ', 1, 1, 'ทดสอบ');

-- --------------------------------------------------------

--
-- Stand-in structure for view `tbcustomer_view`
-- (See below for the actual view)
--
CREATE TABLE `tbcustomer_view` (
`cus_id` int(4)
,`cus_fullname` varchar(131)
,`cus_nname` varchar(50)
,`cus_tel` char(12)
,`class_name` varchar(30)
,`school_name` varchar(100)
);

-- --------------------------------------------------------

--
-- Table structure for table `tbday`
--

CREATE TABLE `tbday` (
  `day_id` char(1) NOT NULL,
  `day_name` varchar(50) NOT NULL
) ENGINE=InnoDB DEFAULT CHARSET=utf8;

--
-- Dumping data for table `tbday`
--

INSERT INTO `tbday` (`day_id`, `day_name`) VALUES
('1', 'วันจันทร์'),
('2', 'วันอังคาร'),
('3', 'วันพุธ'),
('4', 'วันพฤหัสบดี'),
('5', 'วันศุกร์'),
('6', 'วันเสาร์'),
('7', 'วันอาทิตย์');

-- --------------------------------------------------------

--
-- Table structure for table `tbprefix`
--

CREATE TABLE `tbprefix` (
  `prefix_id` int(1) NOT NULL,
  `prefix_name` varchar(30) NOT NULL
) ENGINE=InnoDB DEFAULT CHARSET=utf8;

--
-- Dumping data for table `tbprefix`
--

INSERT INTO `tbprefix` (`prefix_id`, `prefix_name`) VALUES
(1, 'เด็กชาย'),
(2, 'เด็กหญิง'),
(3, 'นาย'),
(4, 'นางสาว'),
(5, 'นาง'),
(6, 'อาจารย์');

-- --------------------------------------------------------

--
-- Table structure for table `tbregister`
--

CREATE TABLE `tbregister` (
  `reg_id` int(4) NOT NULL,
  `cus_id` int(4) NOT NULL,
  `course_id` int(4) NOT NULL,
  `status_id` char(1) NOT NULL DEFAULT '1',
  `reg_time` timestamp NOT NULL DEFAULT current_timestamp() ON UPDATE current_timestamp(),
  `reg_end` date NOT NULL,
  `reg_start` date DEFAULT NULL
) ENGINE=InnoDB DEFAULT CHARSET=utf8;

--
-- Dumping data for table `tbregister`
--

INSERT INTO `tbregister` (`reg_id`, `cus_id`, `course_id`, `status_id`, `reg_time`, `reg_end`, `reg_start`) VALUES
(22, 1, 103, '2', '2021-07-01 06:58:52', '2021-06-05', '2021-06-04'),
(23, 2, 103, '1', '2021-06-04 06:06:55', '2021-06-02', '2021-06-01'),
(24, 9, 103, '1', '2021-06-04 06:11:08', '2021-07-04', '2021-06-04'),
(25, 10, 103, '1', '2021-06-04 06:19:32', '2021-07-04', '2021-06-06'),
(27, 1, 101, '2', '2021-07-01 07:03:23', '2021-08-05', '2021-06-05'),
(28, 1, 100, '1', '2021-06-05 06:31:30', '0000-00-00', '0000-00-00'),
(29, 1, 102, '1', '2021-06-05 06:31:36', '0000-00-00', '0000-00-00'),
(30, 1, 69, '1', '2021-06-05 07:28:38', '0000-00-00', '2021-06-05'),
(31, 1, 103, '1', '2021-07-02 15:30:11', '2021-08-02', '2021-07-02'),
(32, 16, 41, '1', '2021-07-02 15:31:20', '2021-08-02', '2021-07-02'),
(33, 1, 69, '1', '2021-07-02 15:37:52', '2021-08-02', '2021-07-02');

-- --------------------------------------------------------

--
-- Stand-in structure for view `tbregister_view`
-- (See below for the actual view)
--
CREATE TABLE `tbregister_view` (
`reg_id` int(4)
,`cus_fullname` varchar(131)
,`cus_nname` varchar(50)
,`cus_tel` char(12)
,`class_name` varchar(30)
,`school_name` varchar(100)
,`system_name` varchar(25)
,`cate_name` varchar(50)
,`subject_name` varchar(100)
,`reg_class` varchar(30)
,`course_price` int(2)
,`course_bookprice` int(2)
,`course_total` int(2)
,`status_name` varchar(50)
,`reg_time` timestamp
,`reg_start` date
,`reg_end` date
);

-- --------------------------------------------------------

--
-- Stand-in structure for view `tbregister_view1`
-- (See below for the actual view)
--
CREATE TABLE `tbregister_view1` (
`reg_id` int(4)
,`cus_id` int(4)
,`cus_fullname` varchar(131)
,`cus_nname` varchar(50)
,`cus_tel` char(12)
,`class_name` varchar(30)
,`school_name` varchar(100)
,`system_name` varchar(25)
,`cate_name` varchar(50)
,`subject_name` varchar(100)
,`reg_class` varchar(30)
,`course_price` int(2)
,`course_bookprice` int(2)
,`course_total` int(2)
,`status_name` varchar(50)
,`reg_time` timestamp
,`reg_end` date
);

-- --------------------------------------------------------

--
-- Stand-in structure for view `tbreg_check`
-- (See below for the actual view)
--
CREATE TABLE `tbreg_check` (
`reg_id` int(4)
,`cus_fullname` varchar(131)
,`cus_nname` varchar(50)
,`cus_tel` char(12)
,`class_name` varchar(30)
,`course_id` int(4)
);

-- --------------------------------------------------------

--
-- Table structure for table `tbscheck`
--

CREATE TABLE `tbscheck` (
  `scheck_id` int(1) NOT NULL,
  `scheck_name` varchar(15) NOT NULL
) ENGINE=InnoDB DEFAULT CHARSET=utf8;

--
-- Dumping data for table `tbscheck`
--

INSERT INTO `tbscheck` (`scheck_id`, `scheck_name`) VALUES
(1, 'มา'),
(2, 'ขาด'),
(3, 'ลาป่วย'),
(4, 'ลากิจ');

-- --------------------------------------------------------

--
-- Table structure for table `tbschool`
--

CREATE TABLE `tbschool` (
  `school_id` int(2) NOT NULL,
  `school_name` varchar(100) NOT NULL
) ENGINE=InnoDB DEFAULT CHARSET=utf8;

--
-- Dumping data for table `tbschool`
--

INSERT INTO `tbschool` (`school_id`, `school_name`) VALUES
(1, 'เทศบาล 5 (วัดหัวป้อมนอก)'),
(2, 'แจ้งวิทยา'),
(3, 'พลวิทยา'),
(4, 'วัดเกาะถ้ำ'),
(6, 'เทศบาลบ้านเขาแก้ว'),
(8, 'เทศบาล 1 (ถนนนครนอก)'),
(9, 'นิด้าศึกษา'),
(10, 'ศดอ.บ้านโคกไร่'),
(11, 'ศูนย์เด็กเล็กทุ่งหวัง'),
(12, 'จุลสมัย'),
(13, 'เทศบาล 1 เขารูปช้าง'),
(14, 'เทศบาล 1 เขาแก้ว'),
(15, 'บ้านดอนขี้เหล็ก'),
(16, 'อนุบาลสงขลา'),
(17, 'กลับเพชรศึกษา'),
(18, 'สมว.'),
(19, 'เทศบาล 1 บ้านเขาแก้ว'),
(20, 'สาธิตมหาวิทยาลัยราชภัฏ'),
(22, 'สุมิตรสงขลา'),
(23, 'สาธิตมหาวิทยาลัยราชภัฎ'),
(25, 'วิเชียรชม'),
(26, 'หวังดี'),
(28, 'ชุมชนบ้านทางควาย'),
(29, 'ชุมชนบ้านด่าน'),
(30, 'ในเมือง'),
(31, 'บ้านเขาแก้ว'),
(33, 'อนุบาลอิสลามสงขลา'),
(34, 'บ้านควนเนียง'),
(35, 'หงส์ทอง'),
(36, 'วัดเขาแก้ว'),
(37, 'เทศบาล 1 '),
(39, 'เทศบาล 3 '),
(40, 'กลับเพ็ชรศึกษา'),
(42, 'สหศาสตร์วิทยาการ'),
(43, 'เทศบาล 1 (วัดเขาแก้ว)'),
(44, 'บ้านนาทวี'),
(45, 'เทศบาล 2 '),
(46, 'บ้านน้ำกระจาย'),
(47, 'ชุมชนวัดควนมีด'),
(48, 'สมัยศึกษา'),
(49, 'เขาแก้ว'),
(50, 'กิตติคุณ'),
(51, 'บ้านหนองธง'),
(52, 'อนุบาลป่าบอน'),
(53, 'วัดทรายขาว'),
(54, 'ศิริพงศวิทยา'),
(55, 'สุทธิรักษ์'),
(56, 'วัดทั่งหวังใน'),
(57, 'ศิริพงศ์วิทยา'),
(59, 'เทศบาล 1 (บ้านเข้าแก้ว)'),
(60, 'วัดประจำ'),
(61, 'บ้านนา'),
(62, 'เทศบาล 1 ถนนนครนอก'),
(63, 'วัดแช่มอุทิศ'),
(64, 'วิชัยรชม'),
(65, 'มหาวชิราวุธ'),
(66, 'วรนารีเฉลิม'),
(67, 'เทศบาล 2 อ่อนอุทิศ'),
(68, 'มอ.วิทยานุสรณื'),
(70, 'วชิรานุกูล'),
(71, 'มหาวิทยาลัยราชภัฎ');

-- --------------------------------------------------------

--
-- Table structure for table `tbstatus`
--

CREATE TABLE `tbstatus` (
  `status_id` char(1) NOT NULL,
  `status_name` varchar(50) NOT NULL
) ENGINE=InnoDB DEFAULT CHARSET=utf8;

--
-- Dumping data for table `tbstatus`
--

INSERT INTO `tbstatus` (`status_id`, `status_name`) VALUES
('1', 'ค้างชำระ'),
('2', 'ชำระแล้ว');

-- --------------------------------------------------------

--
-- Table structure for table `tbstudy`
--

CREATE TABLE `tbstudy` (
  `s_id` int(4) NOT NULL,
  `course_id` int(4) NOT NULL,
  `time_id` int(2) NOT NULL
) ENGINE=InnoDB DEFAULT CHARSET=utf8;

--
-- Dumping data for table `tbstudy`
--

INSERT INTO `tbstudy` (`s_id`, `course_id`, `time_id`) VALUES
(1, 3, 1);

-- --------------------------------------------------------

--
-- Stand-in structure for view `tbstudy_print`
-- (See below for the actual view)
--
CREATE TABLE `tbstudy_print` (
`s_id` int(4)
,`course_id` int(4)
,`cate_name` varchar(50)
,`subject_name` varchar(100)
,`system_name` varchar(25)
,`class_name` varchar(30)
,`time_id` int(2)
,`day_name` varchar(50)
,`time_time` char(11)
);

-- --------------------------------------------------------

--
-- Stand-in structure for view `tbstudy_view`
-- (See below for the actual view)
--
CREATE TABLE `tbstudy_view` (
`s_id` int(4)
,`cate_name` varchar(50)
,`subject_name` varchar(100)
,`system_name` varchar(25)
,`class_name` varchar(30)
,`day_name` varchar(50)
,`time_time` char(11)
);

-- --------------------------------------------------------

--
-- Table structure for table `tbsubject`
--

CREATE TABLE `tbsubject` (
  `subject_id` int(1) NOT NULL,
  `subject_name` varchar(100) NOT NULL
) ENGINE=InnoDB DEFAULT CHARSET=utf8;

--
-- Dumping data for table `tbsubject`
--

INSERT INTO `tbsubject` (`subject_id`, `subject_name`) VALUES
(1, 'ภาษาไทย'),
(2, 'ภาษาอังกฤษ'),
(3, 'วิทยาศาสตร์'),
(4, 'คณิตศาสตร์'),
(5, 'ภาษาจีน'),
(6, 'โฟนิกส์'),
(7, 'ศิลปะ'),
(8, 'อ่าน-เขียน'),
(9, 'ภาษาอังกฤษ Grammar'),
(10, 'ภาษาอังกฤษ Conversation'),
(11, 'จินตคณิต (2 วัน)'),
(12, 'วิทยาศาสตร์,คณิตศาสตร์,ภาษาไทย,ภาษาอังกฤษ'),
(14, 'ภาษาจีน'),
(15, 'จินตคณิต'),
(16, 'จินตคณิต(คอร์ส 4 เดือน)');

-- --------------------------------------------------------

--
-- Table structure for table `tbsystem`
--

CREATE TABLE `tbsystem` (
  `system_id` char(1) NOT NULL,
  `system_name` varchar(25) NOT NULL
) ENGINE=InnoDB DEFAULT CHARSET=utf8;

--
-- Dumping data for table `tbsystem`
--

INSERT INTO `tbsystem` (`system_id`, `system_name`) VALUES
('1', 'ระบบปกติ'),
('2', 'ระบบออนไลน์');

-- --------------------------------------------------------

--
-- Table structure for table `tbtime`
--

CREATE TABLE `tbtime` (
  `time_id` int(2) NOT NULL,
  `day_id` char(1) NOT NULL,
  `time_time` char(11) NOT NULL
) ENGINE=InnoDB DEFAULT CHARSET=utf8;

--
-- Dumping data for table `tbtime`
--

INSERT INTO `tbtime` (`time_id`, `day_id`, `time_time`) VALUES
(1, '1', '17:00-18:00'),
(3, '1', '18:00-19:00'),
(4, '1', '19:00-20:00'),
(5, '2', '17:00-18:00'),
(6, '2', '18:00-19:00'),
(7, '2', '19:00-20:00'),
(8, '3', '17:00-18:00'),
(9, '3', '18:00-19:00'),
(10, '3', '19:00-20:00'),
(11, '4', '17:00-18:00'),
(12, '4', '18:00-19:00'),
(13, '4', '19:00-20:00'),
(14, '6', '09:00-10:00'),
(15, '6', '10:00-11:00'),
(16, '6', '11:00-12:00'),
(17, '6', '13.00-14.00'),
(18, '6', '14:00-15.00'),
(19, '6', '15.00-16.00'),
(20, '7', '09.00-10.00'),
(21, '7', '10.00-11.00'),
(22, '7', '11.00-12.00'),
(23, '7', '15.00-16.00'),
(24, '7', '16.00-17.00'),
(25, '7', '17.00-18.00'),
(26, '6', '10.00-11.30'),
(27, '7', '10.00-11.30'),
(28, '4', '10.00-11.30'),
(29, '5', '10.00-11.30');

-- --------------------------------------------------------

--
-- Stand-in structure for view `tbtime_view`
-- (See below for the actual view)
--
CREATE TABLE `tbtime_view` (
`time_id` int(2)
,`day_name` varchar(50)
,`time_time` char(11)
);

-- --------------------------------------------------------

--
-- Structure for view `check_view`
--
DROP TABLE IF EXISTS `check_view`;

CREATE ALGORITHM=UNDEFINED DEFINER=`root`@`localhost` SQL SECURITY DEFINER VIEW `check_view`  AS SELECT `a`.`check_id` AS `check_id`, `a`.`course_id` AS `course_id`, `b`.`cate_name` AS `cate_name`, `b`.`subject_name` AS `subject_name`, `b`.`class_name` AS `class_name`, `b`.`system_name` AS `system_name`, `a`.`cus_id` AS `cus_id`, `c`.`cus_fullname` AS `cus_fullname`, `c`.`cus_nname` AS `cus_nname`, `a`.`scheck_id` AS `scheck_id`, `d`.`scheck_name` AS `scheck_name`, `a`.`check_date` AS `check_date` FROM (((`tbcheck` `a` join `tbcourse_view` `b` on(`a`.`course_id` = `b`.`course_id`)) join `tbcustomer_view` `c` on(`a`.`cus_id` = `c`.`cus_id`)) join `tbscheck` `d` on(`a`.`scheck_id` = `d`.`scheck_id`)) ORDER BY `a`.`check_id` ASC ;

-- --------------------------------------------------------

--
-- Structure for view `course_select`
--
DROP TABLE IF EXISTS `course_select`;

CREATE ALGORITHM=UNDEFINED DEFINER=`root`@`localhost` SQL SECURITY DEFINER VIEW `course_select`  AS SELECT `a`.`course_id` AS `course_id`, `d`.`system_name` AS `system_name`, `b`.`cate_name` AS `cate_name`, `c`.`subject_name` AS `subject_name`, `e`.`class_name` AS `class_name`, `a`.`course_price` AS `course_price`, `a`.`course_bookprice` AS `course_bookprice`, `a`.`course_total` AS `course_total` FROM ((((`tbcourse` `a` join `tbcategory` `b` on(`a`.`cate_id` = `b`.`cate_id`)) join `tbsubject` `c` on(`a`.`subject_id` = `c`.`subject_id`)) join `tbsystem` `d` on(`a`.`system_id` = `d`.`system_id`)) join `tbclass` `e` on(`a`.`class_id` = `e`.`class_id`)) ORDER BY `d`.`system_name` ASC, `b`.`cate_name` ASC, `c`.`subject_name` ASC ;

-- --------------------------------------------------------

--
-- Structure for view `tbcourse_view`
--
DROP TABLE IF EXISTS `tbcourse_view`;

CREATE ALGORITHM=UNDEFINED DEFINER=`root`@`localhost` SQL SECURITY DEFINER VIEW `tbcourse_view`  AS SELECT `a`.`course_id` AS `course_id`, `b`.`cate_name` AS `cate_name`, `c`.`subject_name` AS `subject_name`, `d`.`system_name` AS `system_name`, `e`.`class_name` AS `class_name` FROM ((((`tbcourse` `a` left join `tbcategory` `b` on(`a`.`cate_id` = `b`.`cate_id`)) left join `tbsubject` `c` on(`a`.`subject_id` = `c`.`subject_id`)) left join `tbsystem` `d` on(`a`.`system_id` = `d`.`system_id`)) left join `tbclass` `e` on(`a`.`class_id` = `e`.`class_id`)) ORDER BY `a`.`course_id` ASC ;

-- --------------------------------------------------------

--
-- Structure for view `tbcustomer_view`
--
DROP TABLE IF EXISTS `tbcustomer_view`;

CREATE ALGORITHM=UNDEFINED DEFINER=`root`@`localhost` SQL SECURITY DEFINER VIEW `tbcustomer_view`  AS SELECT `a`.`cus_id` AS `cus_id`, concat(`d`.`prefix_name`,`a`.`cus_fname`,' ',`a`.`cus_lname`) AS `cus_fullname`, `a`.`cus_nname` AS `cus_nname`, `a`.`cus_tel` AS `cus_tel`, `c`.`class_name` AS `class_name`, `b`.`school_name` AS `school_name` FROM (((`tbcustomer` `a` join `tbschool` `b` on(`a`.`school_id` = `b`.`school_id`)) join `tbclass` `c` on(`a`.`cass_id` = `c`.`class_id`)) join `tbprefix` `d` on(`a`.`prefix_id` = `d`.`prefix_id`)) ORDER BY `a`.`cus_id` ASC ;

-- --------------------------------------------------------

--
-- Structure for view `tbregister_view`
--
DROP TABLE IF EXISTS `tbregister_view`;

CREATE ALGORITHM=UNDEFINED DEFINER=`root`@`localhost` SQL SECURITY DEFINER VIEW `tbregister_view`  AS SELECT `a`.`reg_id` AS `reg_id`, `b`.`cus_fullname` AS `cus_fullname`, `b`.`cus_nname` AS `cus_nname`, `b`.`cus_tel` AS `cus_tel`, `b`.`class_name` AS `class_name`, `b`.`school_name` AS `school_name`, `e`.`system_name` AS `system_name`, `e`.`cate_name` AS `cate_name`, `e`.`subject_name` AS `subject_name`, `e`.`class_name` AS `reg_class`, `c`.`course_price` AS `course_price`, `c`.`course_bookprice` AS `course_bookprice`, `c`.`course_total` AS `course_total`, `d`.`status_name` AS `status_name`, `a`.`reg_time` AS `reg_time`, `a`.`reg_start` AS `reg_start`, `a`.`reg_end` AS `reg_end` FROM ((((`tbregister` `a` join `tbcustomer_view` `b` on(`a`.`cus_id` = `b`.`cus_id`)) join `tbcourse` `c` on(`a`.`course_id` = `c`.`course_id`)) join `tbstatus` `d` on(`a`.`status_id` = `d`.`status_id`)) join `tbcourse_view` `e` on(`a`.`course_id` = `e`.`course_id`)) ORDER BY `a`.`reg_id` ASC ;

-- --------------------------------------------------------

--
-- Structure for view `tbregister_view1`
--
DROP TABLE IF EXISTS `tbregister_view1`;

CREATE ALGORITHM=UNDEFINED DEFINER=`root`@`localhost` SQL SECURITY DEFINER VIEW `tbregister_view1`  AS SELECT `a`.`reg_id` AS `reg_id`, `a`.`cus_id` AS `cus_id`, `b`.`cus_fullname` AS `cus_fullname`, `b`.`cus_nname` AS `cus_nname`, `b`.`cus_tel` AS `cus_tel`, `b`.`class_name` AS `class_name`, `b`.`school_name` AS `school_name`, `e`.`system_name` AS `system_name`, `e`.`cate_name` AS `cate_name`, `e`.`subject_name` AS `subject_name`, `e`.`class_name` AS `reg_class`, `c`.`course_price` AS `course_price`, `c`.`course_bookprice` AS `course_bookprice`, `c`.`course_total` AS `course_total`, `d`.`status_name` AS `status_name`, `a`.`reg_time` AS `reg_time`, `a`.`reg_end` AS `reg_end` FROM ((((`tbregister` `a` join `tbcustomer_view` `b` on(`a`.`cus_id` = `b`.`cus_id`)) join `tbcourse` `c` on(`a`.`course_id` = `c`.`course_id`)) join `tbstatus` `d` on(`a`.`status_id` = `d`.`status_id`)) join `tbcourse_view` `e` on(`a`.`course_id` = `e`.`course_id`)) ORDER BY `a`.`reg_id` ASC ;

-- --------------------------------------------------------

--
-- Structure for view `tbreg_check`
--
DROP TABLE IF EXISTS `tbreg_check`;

CREATE ALGORITHM=UNDEFINED DEFINER=`root`@`localhost` SQL SECURITY DEFINER VIEW `tbreg_check`  AS SELECT `a`.`reg_id` AS `reg_id`, `b`.`cus_fullname` AS `cus_fullname`, `b`.`cus_nname` AS `cus_nname`, `b`.`cus_tel` AS `cus_tel`, `b`.`class_name` AS `class_name`, `a`.`course_id` AS `course_id` FROM ((((`tbregister` `a` join `tbcustomer_view` `b` on(`a`.`cus_id` = `b`.`cus_id`)) join `tbcourse` `c` on(`a`.`course_id` = `c`.`course_id`)) join `tbstatus` `d` on(`a`.`status_id` = `d`.`status_id`)) join `tbcourse_view` `e` on(`a`.`course_id` = `e`.`course_id`)) ;

-- --------------------------------------------------------

--
-- Structure for view `tbstudy_print`
--
DROP TABLE IF EXISTS `tbstudy_print`;

CREATE ALGORITHM=UNDEFINED DEFINER=`root`@`localhost` SQL SECURITY DEFINER VIEW `tbstudy_print`  AS SELECT `a`.`s_id` AS `s_id`, `a`.`course_id` AS `course_id`, `b`.`cate_name` AS `cate_name`, `b`.`subject_name` AS `subject_name`, `b`.`system_name` AS `system_name`, `b`.`class_name` AS `class_name`, `a`.`time_id` AS `time_id`, `c`.`day_name` AS `day_name`, `c`.`time_time` AS `time_time` FROM ((`tbstudy` `a` join `tbcourse_view` `b` on(`a`.`course_id` = `b`.`course_id`)) join `tbtime_view` `c` on(`a`.`time_id` = `c`.`time_id`)) ;

-- --------------------------------------------------------

--
-- Structure for view `tbstudy_view`
--
DROP TABLE IF EXISTS `tbstudy_view`;

CREATE ALGORITHM=UNDEFINED DEFINER=`root`@`localhost` SQL SECURITY DEFINER VIEW `tbstudy_view`  AS SELECT `a`.`s_id` AS `s_id`, `b`.`cate_name` AS `cate_name`, `b`.`subject_name` AS `subject_name`, `b`.`system_name` AS `system_name`, `b`.`class_name` AS `class_name`, `c`.`day_name` AS `day_name`, `c`.`time_time` AS `time_time` FROM ((`tbstudy` `a` join `tbcourse_view` `b` on(`a`.`course_id` = `b`.`course_id`)) join `tbtime_view` `c` on(`a`.`time_id` = `c`.`time_id`)) ORDER BY `a`.`s_id` ASC ;

-- --------------------------------------------------------

--
-- Structure for view `tbtime_view`
--
DROP TABLE IF EXISTS `tbtime_view`;

CREATE ALGORITHM=UNDEFINED DEFINER=`root`@`localhost` SQL SECURITY DEFINER VIEW `tbtime_view`  AS SELECT `a`.`time_id` AS `time_id`, `b`.`day_name` AS `day_name`, `a`.`time_time` AS `time_time` FROM (`tbtime` `a` join `tbday` `b` on(`a`.`day_id` = `b`.`day_id`)) ORDER BY `a`.`time_id` ASC ;

--
-- Indexes for dumped tables
--

--
-- Indexes for table `tbcategory`
--
ALTER TABLE `tbcategory`
  ADD PRIMARY KEY (`cate_id`);

--
-- Indexes for table `tbcheck`
--
ALTER TABLE `tbcheck`
  ADD PRIMARY KEY (`check_id`),
  ADD KEY `fk_course_check` (`course_id`),
  ADD KEY `fk_cus_check` (`cus_id`),
  ADD KEY `fk_scheck_check` (`scheck_id`);

--
-- Indexes for table `tbclass`
--
ALTER TABLE `tbclass`
  ADD PRIMARY KEY (`class_id`);

--
-- Indexes for table `tbcourse`
--
ALTER TABLE `tbcourse`
  ADD PRIMARY KEY (`course_id`),
  ADD KEY `fk_cate_course` (`cate_id`),
  ADD KEY `fk_class_course` (`class_id`),
  ADD KEY `fk_sub_course` (`subject_id`),
  ADD KEY `fk_sys_course` (`system_id`);

--
-- Indexes for table `tbcustomer`
--
ALTER TABLE `tbcustomer`
  ADD PRIMARY KEY (`cus_id`),
  ADD KEY `fk_prefix_cus` (`prefix_id`),
  ADD KEY `fk_class_cus` (`cass_id`),
  ADD KEY `fk_school_cus` (`school_id`);

--
-- Indexes for table `tbday`
--
ALTER TABLE `tbday`
  ADD PRIMARY KEY (`day_id`);

--
-- Indexes for table `tbprefix`
--
ALTER TABLE `tbprefix`
  ADD PRIMARY KEY (`prefix_id`);

--
-- Indexes for table `tbregister`
--
ALTER TABLE `tbregister`
  ADD PRIMARY KEY (`reg_id`),
  ADD KEY `fk_cus_reg` (`cus_id`),
  ADD KEY `fk_course_reg` (`course_id`),
  ADD KEY `fk_status_reg` (`status_id`);

--
-- Indexes for table `tbscheck`
--
ALTER TABLE `tbscheck`
  ADD PRIMARY KEY (`scheck_id`);

--
-- Indexes for table `tbschool`
--
ALTER TABLE `tbschool`
  ADD PRIMARY KEY (`school_id`);

--
-- Indexes for table `tbstatus`
--
ALTER TABLE `tbstatus`
  ADD PRIMARY KEY (`status_id`);

--
-- Indexes for table `tbstudy`
--
ALTER TABLE `tbstudy`
  ADD PRIMARY KEY (`s_id`),
  ADD KEY `fk_course_s` (`course_id`),
  ADD KEY `fk_time_s` (`time_id`);

--
-- Indexes for table `tbsubject`
--
ALTER TABLE `tbsubject`
  ADD PRIMARY KEY (`subject_id`);

--
-- Indexes for table `tbsystem`
--
ALTER TABLE `tbsystem`
  ADD PRIMARY KEY (`system_id`);

--
-- Indexes for table `tbtime`
--
ALTER TABLE `tbtime`
  ADD PRIMARY KEY (`time_id`),
  ADD KEY `fk_day_time` (`day_id`);

--
-- AUTO_INCREMENT for dumped tables
--

--
-- AUTO_INCREMENT for table `tbcategory`
--
ALTER TABLE `tbcategory`
  MODIFY `cate_id` int(1) NOT NULL AUTO_INCREMENT, AUTO_INCREMENT=7;

--
-- AUTO_INCREMENT for table `tbcheck`
--
ALTER TABLE `tbcheck`
  MODIFY `check_id` int(4) NOT NULL AUTO_INCREMENT, AUTO_INCREMENT=30;

--
-- AUTO_INCREMENT for table `tbclass`
--
ALTER TABLE `tbclass`
  MODIFY `class_id` int(1) NOT NULL AUTO_INCREMENT, AUTO_INCREMENT=20;

--
-- AUTO_INCREMENT for table `tbcourse`
--
ALTER TABLE `tbcourse`
  MODIFY `course_id` int(4) NOT NULL AUTO_INCREMENT, AUTO_INCREMENT=109;

--
-- AUTO_INCREMENT for table `tbcustomer`
--
ALTER TABLE `tbcustomer`
  MODIFY `cus_id` int(4) NOT NULL AUTO_INCREMENT, AUTO_INCREMENT=320;

--
-- AUTO_INCREMENT for table `tbprefix`
--
ALTER TABLE `tbprefix`
  MODIFY `prefix_id` int(1) NOT NULL AUTO_INCREMENT, AUTO_INCREMENT=10;

--
-- AUTO_INCREMENT for table `tbregister`
--
ALTER TABLE `tbregister`
  MODIFY `reg_id` int(4) NOT NULL AUTO_INCREMENT, AUTO_INCREMENT=34;

--
-- AUTO_INCREMENT for table `tbscheck`
--
ALTER TABLE `tbscheck`
  MODIFY `scheck_id` int(1) NOT NULL AUTO_INCREMENT, AUTO_INCREMENT=5;

--
-- AUTO_INCREMENT for table `tbschool`
--
ALTER TABLE `tbschool`
  MODIFY `school_id` int(2) NOT NULL AUTO_INCREMENT, AUTO_INCREMENT=73;

--
-- AUTO_INCREMENT for table `tbstudy`
--
ALTER TABLE `tbstudy`
  MODIFY `s_id` int(4) NOT NULL AUTO_INCREMENT, AUTO_INCREMENT=3;

--
-- AUTO_INCREMENT for table `tbsubject`
--
ALTER TABLE `tbsubject`
  MODIFY `subject_id` int(1) NOT NULL AUTO_INCREMENT, AUTO_INCREMENT=18;

--
-- AUTO_INCREMENT for table `tbtime`
--
ALTER TABLE `tbtime`
  MODIFY `time_id` int(2) NOT NULL AUTO_INCREMENT, AUTO_INCREMENT=30;

--
-- Constraints for dumped tables
--

--
-- Constraints for table `tbcheck`
--
ALTER TABLE `tbcheck`
  ADD CONSTRAINT `fk_course_check` FOREIGN KEY (`course_id`) REFERENCES `tbcourse` (`course_id`) ON DELETE CASCADE ON UPDATE CASCADE,
  ADD CONSTRAINT `fk_cus_check` FOREIGN KEY (`cus_id`) REFERENCES `tbcustomer` (`cus_id`) ON DELETE CASCADE ON UPDATE CASCADE,
  ADD CONSTRAINT `fk_scheck_check` FOREIGN KEY (`scheck_id`) REFERENCES `tbscheck` (`scheck_id`) ON DELETE CASCADE ON UPDATE CASCADE;

--
-- Constraints for table `tbcourse`
--
ALTER TABLE `tbcourse`
  ADD CONSTRAINT `fk_cate_course` FOREIGN KEY (`cate_id`) REFERENCES `tbcategory` (`cate_id`) ON DELETE CASCADE ON UPDATE CASCADE,
  ADD CONSTRAINT `fk_class_course` FOREIGN KEY (`class_id`) REFERENCES `tbclass` (`class_id`) ON DELETE CASCADE ON UPDATE CASCADE,
  ADD CONSTRAINT `fk_sub_course` FOREIGN KEY (`subject_id`) REFERENCES `tbsubject` (`subject_id`) ON DELETE CASCADE ON UPDATE CASCADE,
  ADD CONSTRAINT `fk_sys_course` FOREIGN KEY (`system_id`) REFERENCES `tbsystem` (`system_id`) ON DELETE CASCADE ON UPDATE CASCADE;

--
-- Constraints for table `tbcustomer`
--
ALTER TABLE `tbcustomer`
  ADD CONSTRAINT `fk_class_cus` FOREIGN KEY (`cass_id`) REFERENCES `tbclass` (`class_id`) ON DELETE CASCADE ON UPDATE CASCADE,
  ADD CONSTRAINT `fk_prefix_cus` FOREIGN KEY (`prefix_id`) REFERENCES `tbprefix` (`prefix_id`) ON DELETE CASCADE ON UPDATE CASCADE,
  ADD CONSTRAINT `fk_school_cus` FOREIGN KEY (`school_id`) REFERENCES `tbschool` (`school_id`) ON DELETE CASCADE ON UPDATE CASCADE;

--
-- Constraints for table `tbregister`
--
ALTER TABLE `tbregister`
  ADD CONSTRAINT `fk_course_reg` FOREIGN KEY (`course_id`) REFERENCES `tbcourse` (`course_id`) ON DELETE CASCADE ON UPDATE CASCADE,
  ADD CONSTRAINT `fk_cus_reg` FOREIGN KEY (`cus_id`) REFERENCES `tbcustomer` (`cus_id`) ON DELETE CASCADE ON UPDATE CASCADE,
  ADD CONSTRAINT `fk_status_reg` FOREIGN KEY (`status_id`) REFERENCES `tbstatus` (`status_id`) ON DELETE CASCADE ON UPDATE CASCADE;

--
-- Constraints for table `tbstudy`
--
ALTER TABLE `tbstudy`
  ADD CONSTRAINT `fk_course_s` FOREIGN KEY (`course_id`) REFERENCES `tbcourse` (`course_id`) ON DELETE CASCADE ON UPDATE CASCADE,
  ADD CONSTRAINT `fk_time_s` FOREIGN KEY (`time_id`) REFERENCES `tbtime` (`time_id`) ON DELETE CASCADE ON UPDATE CASCADE;

--
-- Constraints for table `tbtime`
--
ALTER TABLE `tbtime`
  ADD CONSTRAINT `fk_day_time` FOREIGN KEY (`day_id`) REFERENCES `tbday` (`day_id`) ON DELETE CASCADE ON UPDATE CASCADE;
COMMIT;

/*!40101 SET CHARACTER_SET_CLIENT=@OLD_CHARACTER_SET_CLIENT */;
/*!40101 SET CHARACTER_SET_RESULTS=@OLD_CHARACTER_SET_RESULTS */;
/*!40101 SET COLLATION_CONNECTION=@OLD_COLLATION_CONNECTION */;
